SIRA;Adi Soyadi;TN;MN;FN;SN;IN;DN;PUAN;Okul;Not
1;OGRENCI-187;17.33;20;18.67;8.67;10;10;472;OKUL-927;
2;OGRENCI-199;18.67;19;14.67;8.67;8.67;8.67;447.33;OKUL-279;
3;OGRENCI-292;17.33;17.33;17.33;8.67;8.67;10;445.33;OKUL-830;
4;OGRENCI-962;16;20;14.67;10;8.67;8.67;442.67;OKUL-495;
5;OGRENCI-201;16;18.67;17.33;8.67;7.33;8.67;438.67;OKUL-982;
6;OGRENCI-798;17.33;14.67;18.67;7.33;8.67;7.33;425.33;OKUL-705;
7;OGRENCI-914;14.67;17.33;18.67;7.33;6;10;422.67;OKUL-646;
8;OGRENCI-136;16;18.67;14.67;7.33;7.33;10;422.67;OKUL-647;
9;OGRENCI-955;17.33;15;17.33;6;7.33;8.67;414;OKUL-529;
10;OGRENCI-820;17.33;16.67;12.33;7.33;10;8.67;412.33;OKUL-493;
11;OGRENCI-642;16.33;14.33;14;7.67;10;10;404.67;OKUL-587;
12;OGRENCI-297;13.67;18;13.33;8.67;7.33;8.67;400.67;OKUL-883;
13;OGRENCI-465;16;16.33;10.67;7.33;10;10;396.67;OKUL-303;
14;OGRENCI-940;16.33;13.33;14;7.33;8.67;9;391.33;OKUL-521;
15;OGRENCI-117;13.33;16.33;13.67;7.33;7.33;10;387.67;OKUL-783;
16;OGRENCI-947;14.67;14.67;12;8.67;8.67;10;386.67;OKUL-250;
17;OGRENCI-898;14.67;16;12;7.33;7.33;10;385.33;OKUL-782;
18;OGRENCI-885;16;12.67;16;6.33;7.33;7.33;384;OKUL-881;
19;OGRENCI-439;14.67;12.33;15.33;7.33;8.67;10;384;OKUL-644;
20;OGRENCI-767;12;16.33;13.33;7.33;8.67;10;382;OKUL-658;
21;OGRENCI-677;13.33;17.67;10.67;8.67;6;8.67;379.33;OKUL-161;
22;OGRENCI-965;14.67;14.67;14.67;3.33;8.67;10;378.67;OKUL-447;
23;OGRENCI-984;14.67;12;14.67;7.33;8.67;8.67;376;OKUL-606;
24;OGRENCI-828;17.33;10;9.33;10;10;10;370.67;OKUL-204;
25;OGRENCI-976;17.33;14.67;11.33;6;3.33;8.67;370;OKUL-460;
26;OGRENCI-348;16;11.67;16;6;3.33;10;370;OKUL-821;
27;OGRENCI-658;16;11.67;12;7.33;6;10;363.33;OKUL-579;
28;OGRENCI-531;17.33;9.67;11;10;3.33;10;357;OKUL-948;
29;OGRENCI-339;15.33;13.67;8.33;6;8.67;8.67;353;OKUL-820;
30;OGRENCI-372;18.67;6;12;8.67;7.33;8.67;352;OKUL-493;
31;OGRENCI-916;12;14.67;12;4;8.67;10;352;OKUL-150;
32;OGRENCI-339;14.67;10;12;8.67;7.33;7.33;349.33;OKUL-674;
33;OGRENCI-761;12.67;13.33;9.33;8.67;8.67;7.33;348;OKUL-402;
34;OGRENCI-405;15;10.33;10.33;7.67;8.67;8.67;347.67;OKUL-488;
35;OGRENCI-585;14.67;8.33;13.33;7.33;7.33;10;346;OKUL-506;
36;OGRENCI-406;13.67;15.33;9;2.33;10;8.67;345.67;OKUL-538;
37;OGRENCI-885;16;9.33;9.67;8.67;6;10;343;OKUL-708;
38;OGRENCI-618;13.33;8.33;13.33;6;7.33;10;332.67;OKUL-796;
39;OGRENCI-314;13.33;11.67;12.67;5;3.33;9;331.33;OKUL-958;
40;OGRENCI-102;13.33;11.67;13;4.67;4.67;6;329.67;OKUL-405;
41;OGRENCI-104;15;7;10.33;7.67;8.67;8.67;327.67;OKUL-829;
42;OGRENCI-321;13.33;6.67;13.33;6;8.67;10;326.67;OKUL-908;
43;OGRENCI-616;10.67;13.33;9.67;3.33;10;8.67;323;OKUL-932;
44;OGRENCI-328;14;10.33;7.33;6;8.67;10;322.67;OKUL-384;
45;OGRENCI-812;17.33;5.33;7.33;8.67;8.67;8.67;320.67;OKUL-189;
46;OGRENCI-339;13.33;11.33;10.67;4.67;3.33;10;320;OKUL-116;
47;OGRENCI-156;8;8.33;14.67;8.67;7.33;8.67;315.33;OKUL-651;
48;OGRENCI-936;12;9.33;10.33;6.33;6;10;313;OKUL-407;
49;OGRENCI-796;9.67;13;9.67;6;4.67;10;312.33;OKUL-121;
50;OGRENCI-965;14.67;2.67;13.33;6;8.67;10;310.67;OKUL-910;
51;OGRENCI-123;13.33;8.33;7;6;10;8.67;306.33;OKUL-806;
52;OGRENCI-300;13.33;5.67;11.33;4.67;8.67;10;305.33;OKUL-853;
53;OGRENCI-773;14.67;5.67;9.67;4.67;8.67;10;305;OKUL-420;
54;OGRENCI-491;8;9.67;10;6.33;8.67;10;297.33;OKUL-228;
55;OGRENCI-974;11;11.33;8.67;6;2;10;297.33;OKUL-392;
56;OGRENCI-467;16.33;5;7.67;4.67;7.33;10;297;OKUL-113;
57;OGRENCI-103;11.33;5.33;12;6.67;7.33;8.67;296;OKUL-400;
58;OGRENCI-215;13.67;4.67;11.33;6;5;10;295.67;OKUL-374;
59;OGRENCI-933;12;6;9.33;6;7.33;8.67;288;OKUL-778;
60;OGRENCI-344;11.33;4;9.67;7.33;10;8.67;287;OKUL-974;
61;OGRENCI-227;11.33;7.33;8.67;5.33;7.33;9;286.67;OKUL-359;
62;OGRENCI-121;16.33;3;8.67;7.33;3.33;8.67;286;OKUL-118;
63;OGRENCI-537;11.33;6;11;6.33;4.67;8.67;285.67;OKUL-970;
64;OGRENCI-676;14.67;5.33;9.33;2;8.67;7.33;285.33;OKUL-887;
65;OGRENCI-511;13.67;4.33;9.33;4.67;7.33;10;285.33;OKUL-395;
66;OGRENCI-623;11;4.67;12;2.33;10;10;283.33;OKUL-193;
67;OGRENCI-110;10.67;4;13.33;4.67;3.33;10;273.33;OKUL-627;
68;OGRENCI-194;12;3.33;11.33;3.33;8.67;7.33;272.67;OKUL-933;
69;OGRENCI-299;14;1.67;11.33;5.33;2.67;10;270;OKUL-139;
70;OGRENCI-390;4.33;9.67;10.33;7.33;4.67;10;269;OKUL-365;
71;OGRENCI-135;12;7.33;4;3.33;10;8.67;266.67;OKUL-338;
72;OGRENCI-843;12;3.67;10.67;4.67;3.33;10;266;OKUL-940;
73;OGRENCI-588;10.33;5;8.67;6;6;8.67;264.67;OKUL-511;
74;OGRENCI-543;11;6.33;7.67;6;3.33;8.67;263.67;OKUL-405;
75;OGRENCI-553;14.67;8.33;3.67;3.33;2;8.67;263;OKUL-736;
76;OGRENCI-510;8.33;5.67;8;7.67;5.67;9;259.67;OKUL-793;
77;OGRENCI-457;11.33;6;5.33;5;6.33;8.67;257;OKUL-188;
78;OGRENCI-775;12;7.67;0.67;8.67;3.33;10;256;OKUL-467;
79;OGRENCI-666;12;7;3;3.33;8.67;8.67;255.67;OKUL-633;
80;OGRENCI-630;13.33;3.33;8;2;6;8.67;253.33;OKUL-971;
81;OGRENCI-578;10.67;12;2.67;0.67;4.67;7.33;250.67;OKUL-822;
82;OGRENCI-233;12.33;3.67;5.33;7.33;2;10;248;OKUL-914;
83;OGRENCI-356;12;8;1.33;2;8.67;8.67;248;OKUL-876;
84;OGRENCI-234;14.67;0.67;4;6;7.33;10;248;OKUL-834;
85;OGRENCI-173;8.67;5.33;7.67;3.33;7.33;10;247.67;OKUL-442;
86;OGRENCI-460;12;4.67;4;4.67;6;8.67;244;OKUL-561;
87;OGRENCI-471;9.33;2.67;8;4.67;8.67;8.67;244;OKUL-312;
88;OGRENCI-442;10.67;4;6.67;3.33;7.33;8.67;244;OKUL-230;
89;OGRENCI-888;10.67;3.67;5.67;3.33;8.67;10;243.67;OKUL-538;
90;OGRENCI-970;6.67;6.67;6.67;3.33;8.67;10;242.67;OKUL-424;
91;OGRENCI-395;12;3.33;5;3.33;7.33;10;242.33;OKUL-825;
92;OGRENCI-371;8.67;1;9.33;7.33;8.67;6;242;OKUL-431;
93;OGRENCI-857;13.67;6;4;1;4.67;7.33;240.67;OKUL-993;
94;OGRENCI-512;12.33;5;3.33;5;3.67;8.67;239;OKUL-890;
95;OGRENCI-706;10.67;4.33;6.67;-0.67;10;8.67;238;OKUL-139;
96;OGRENCI-698;12.33;2.67;4;3.67;7.33;8.67;234;OKUL-833;
97;OGRENCI-802;12.33;1;3.33;6.33;7.33;10;234;OKUL-108;
98;OGRENCI-508;11;1.33;7;4.67;6;7.33;230.33;OKUL-402;
99;OGRENCI-923;6.67;0.33;12;5;7.33;7.33;228.67;OKUL-634;
100;OGRENCI-962;12;2.33;0;7.33;7.33;10;227.33;OKUL-815;
101;OGRENCI-959;10.67;3.33;4.33;4.67;7;4.67;224.67;OKUL-219;
102;OGRENCI-664;10.67;4.33;3;2;7.33;8.67;222.33;OKUL-783;
103;OGRENCI-186;12;1.33;4.33;4.67;4.67;8.67;221.67;OKUL-397;
104;OGRENCI-786;10.33;6.67;6.67;2.33;0;3;220.67;OKUL-755;
105;OGRENCI-933;6;5;7;3.33;6;9;220.33;OKUL-924;
106;OGRENCI-204;10.67;0.67;4.33;4.67;7.33;10;220.33;OKUL-912;
107;OGRENCI-669;6.67;7.33;2.33;2;8.67;10;219.67;OKUL-947;
108;OGRENCI-445;9.33;4.33;4;3.33;4.67;10;219.33;OKUL-375;
109;OGRENCI-257;12;-1.33;9.33;2;3.33;10;218.67;OKUL-277;
110;OGRENCI-494;5.33;5.67;4;4.67;8.67;8.67;218;OKUL-149;
111;OGRENCI-483;7.33;8;5.33;-0.33;4.67;7.33;216;OKUL-623;
112;OGRENCI-863;8.33;1;5;4.67;7.67;10;212.67;OKUL-414;
113;OGRENCI-908;7.33;0.67;9;3.33;3.33;10;206.33;OKUL-370;
114;OGRENCI-155;6;0.67;6.33;5.33;7.33;10;205;OKUL-868;
115;OGRENCI-217;11;0.67;4;3.33;4.67;7.33;202;OKUL-751;
116;OGRENCI-892;5.33;8.33;0;4.67;-0.67;7.33;183.33;OKUL-964;
117;OGRENCI-756;11;1.33;-2.33;2;10;6.33;183;OKUL-887;
118;OGRENCI-826;4;4.33;3.67;4.67;2.67;8.67;182.33;OKUL-258;
119;OGRENCI-201;6;3.33;1;4;7.33;5.33;179.67;OKUL-128;
120;OGRENCI-178;8;-0.67;4;4.67;0.67;10;174.67;OKUL-525;
121;OGRENCI-801;4;2.33;6;3.33;5.67;1.67;171.67;OKUL-137;
122;OGRENCI-518;6.67;-1.67;1.33;7.33;6;7.33;168.67;OKUL-876;
123;OGRENCI-288;2.67;3;4.33;3.33;4.67;4.67;162.33;OKUL-568;
124;OGRENCI-700;9.67;-0.33;-3;-0.67;10;10;158.33;OKUL-177;
125;OGRENCI-247;5.33;2.67;2.33;0.67;2;10;158.33;OKUL-270;
126;OGRENCI-590;2.67;1;2.33;4.67;5;8.67;154.67;OKUL-695;
127;OGRENCI-284;5.33;0.67;1.67;3.33;2.67;8.67;153;OKUL-797;
128;OGRENCI-967;9.67;-1;0.67;-0.33;3.33;4.67;143.33;OKUL-213;
129;OGRENCI-343;5;-2;0;-0.33;7.33;5;118.67;OKUL-531;
130;OGRENCI-547;4.67;-3.33;0.33;0;6;5;107.67;OKUL-913;
131;OGRENCI-684;0;1;3.33;0.67;-2;-0.67;88;OKUL-875;


